year,Month,day,TASMAX,TASAVG,TASMIN,DPMAX,DPAVG,DPMIN,RHMAX,RHAVG,RHMIN,sfcWindMAX,sfcWindAVG,sfcWindMIN,PSLMAX,PSLAVG,PSLMIN,PRCPMAX,PRCPAVG,PRCPMIN,VISIB
2016,11,21,10.0008,5.556,0.5556,6.1116,3.3336,0,100,77,54,28.96812,14.48406,0,1028.107599,1026.583724,1025.059849,-9999,0,-9999,7.402964
2016,11,22,8.8896,5.0004,1.1112,6.1116,2.778,0,100,76,52,19.31208,9.65604,0,1030.139432,1028.107599,1026.075766,-9999,0,-9999,7.402964
2016,11,23,10.5564,5.0004,-0.5556,3.8892,2.2224,-1.6668,100,77,54,14.48406,7.24203,0,1030.81671,1028.954196,1027.091683,-9999,0,-9999,6.920162
2016,11,24,2.778,1.1112,-1.1112,2.778,1.6668,-0.5556,100,92,84,11.26538,5.63269,0,1029.800794,1026.922363,1024.043933,-9999,0,-9999,3.21868
2016,11,25,5.0004,1.1112,-2.2224,3.8892,1.1112,-2.778,100,85,70,11.26538,5.63269,0,1026.075766,1022.520058,1018.96435,-9999,0,-9999,2.253076
